{
  "shape": [
    208,
    4
  ],
  "mean": [
    0.12917019426822662,
    -0.04096350818872452,
    -0.01731082610785961,
    0.027643077075481415
  ],
  "std": [
    0.8835738897323608,
    0.9152904152870178,
    0.9258862733840942,
    0.9039105176925659
  ],
  "description": "Par\u00e1metros de normalizaci\u00f3n Z-Score para inferencia en ML Cloud Service"
}